"ID","Name","LongName","Parent","McCC","CLOC","PDA","PUA","LLOC","LOC"
"L116","ActiveTestSuite.java","C:/Users/Deyan/Downloads/junit4-r4.13.1/src/main/java/junit/extensions/ActiveTestSuite.java","L115","3","0","1","7","52","70"
"L117","package-info.java","C:/Users/Deyan/Downloads/junit4-r4.13.1/src/main/java/junit/extensions/package-info.java","L115","1","0","0","0","1","4"
"L118","RepeatedTest.java","C:/Users/Deyan/Downloads/junit4-r4.13.1/src/main/java/junit/extensions/RepeatedTest.java","L115","4","0","1","4","30","39"
"L119","TestDecorator.java","C:/Users/Deyan/Downloads/junit4-r4.13.1/src/main/java/junit/extensions/TestDecorator.java","L115","1","0","2","5","27","43"
"L120","TestSetup.java","C:/Users/Deyan/Downloads/junit4-r4.13.1/src/main/java/junit/extensions/TestSetup.java","L115","1","0","1","2","24","42"
"L286","Assert.java","C:/Users/Deyan/Downloads/junit4-r4.13.1/src/main/java/junit/framework/Assert.java","L285","23","0","35","4","161","340"
"L287","AssertionFailedError.java","C:/Users/Deyan/Downloads/junit4-r4.13.1/src/main/java/junit/framework/AssertionFailedError.java","L285","2","0","3","0","12","29"
"L288","ComparisonCompactor.java","C:/Users/Deyan/Downloads/junit4-r4.13.1/src/main/java/junit/framework/ComparisonCompactor.java","L285","13","0","0","3","66","79"
"L289","ComparisonFailure.java","C:/Users/Deyan/Downloads/junit4-r4.13.1/src/main/java/junit/framework/ComparisonFailure.java","L285","1","0","5","0","22","56"
"L290","JUnit4TestAdapter.java","C:/Users/Deyan/Downloads/junit4-r4.13.1/src/main/java/junit/framework/JUnit4TestAdapter.java","L285","4","0","4","8","72","107"
"L291","JUnit4TestAdapterCache.java","C:/Users/Deyan/Downloads/junit4-r4.13.1/src/main/java/junit/framework/JUnit4TestAdapterCache.java","L285","7","0","0","5","66","77"
"L292","JUnit4TestCaseFacade.java","C:/Users/Deyan/Downloads/junit4-r4.13.1/src/main/java/junit/framework/JUnit4TestCaseFacade.java","L285","1","0","0","5","23","30"
"L293","package-info.java","C:/Users/Deyan/Downloads/junit4-r4.13.1/src/main/java/junit/framework/package-info.java","L285","1","0","0","0","1","4"
"L294","Protectable.java","C:/Users/Deyan/Downloads/junit4-r4.13.1/src/main/java/junit/framework/Protectable.java","L285","1","0","2","0","4","15"
"L295","Test.java","C:/Users/Deyan/Downloads/junit4-r4.13.1/src/main/java/junit/framework/Test.java","L285","1","0","3","0","5","18"
"L296","TestCase.java","C:/Users/Deyan/Downloads/junit4-r4.13.1/src/main/java/junit/framework/TestCase.java","L285","9","0","44","4","193","510"
"L297","TestFailure.java","C:/Users/Deyan/Downloads/junit4-r4.13.1/src/main/java/junit/framework/TestFailure.java","L285","1","0","8","0","29","69"
"L298","TestListener.java","C:/Users/Deyan/Downloads/junit4-r4.13.1/src/main/java/junit/framework/TestListener.java","L285","1","0","5","0","7","26"
"L299","TestResult.java","C:/Users/Deyan/Downloads/junit4-r4.13.1/src/main/java/junit/framework/TestResult.java","L285","9","0","16","1","101","186"
"L300","TestSuite.java","C:/Users/Deyan/Downloads/junit4-r4.13.1/src/main/java/junit/framework/TestSuite.java","L285","25","0","20","1","176","309"
"L1404","BaseTestRunner.java","C:/Users/Deyan/Downloads/junit4-r4.13.1/src/main/java/junit/runner/BaseTestRunner.java","L1403","33","0","10","9","241","327"
"L1405","package-info.java","C:/Users/Deyan/Downloads/junit4-r4.13.1/src/main/java/junit/runner/package-info.java","L1403","1","0","0","0","1","4"
"L1406","TestRunListener.java","C:/Users/Deyan/Downloads/junit4-r4.13.1/src/main/java/junit/runner/TestRunListener.java","L1403","1","0","1","6","11","26"
"L1407","Version.java","C:/Users/Deyan/Downloads/junit4-r4.13.1/src/main/java/junit/runner/Version.java","L1403","1","0","1","2","11","19"
"L1640","package-info.java","C:/Users/Deyan/Downloads/junit4-r4.13.1/src/main/java/junit/textui/package-info.java","L1639","1","0","0","0","1","4"
"L1641","ResultPrinter.java","C:/Users/Deyan/Downloads/junit4-r4.13.1/src/main/java/junit/textui/ResultPrinter.java","L1639","7","0","4","4","93","138"
"L1642","TestRunner.java","C:/Users/Deyan/Downloads/junit4-r4.13.1/src/main/java/junit/textui/TestRunner.java","L1639","13","0","8","7","127","206"
"L2956","After.java","C:/Users/Deyan/Downloads/junit4-r4.13.1/src/main/java/org/junit/After.java","L2955","1","0","1","0","9","42"
"L2957","AfterClass.java","C:/Users/Deyan/Downloads/junit4-r4.13.1/src/main/java/org/junit/AfterClass.java","L2955","1","0","1","0","9","43"
"L2958","Assert.java","C:/Users/Deyan/Downloads/junit4-r4.13.1/src/main/java/org/junit/Assert.java","L2955","36","0","57","0","359","1035"
"L2959","Assume.java","C:/Users/Deyan/Downloads/junit4-r4.13.1/src/main/java/org/junit/Assume.java","L2955","4","0","11","0","44","170"
"L2960","AssumptionViolatedException.java","C:/Users/Deyan/Downloads/junit4-r4.13.1/src/main/java/org/junit/AssumptionViolatedException.java","L2955","1","0","5","0","18","47"
"L2961","Before.java","C:/Users/Deyan/Downloads/junit4-r4.13.1/src/main/java/org/junit/Before.java","L2955","1","0","1","0","9","40"
"L2962","BeforeClass.java","C:/Users/Deyan/Downloads/junit4-r4.13.1/src/main/java/org/junit/BeforeClass.java","L2955","1","0","1","0","9","38"
"L2963","ClassRule.java","C:/Users/Deyan/Downloads/junit4-r4.13.1/src/main/java/org/junit/ClassRule.java","L2955","1","0","1","0","10","119"
"L2964","ComparisonFailure.java","C:/Users/Deyan/Downloads/junit4-r4.13.1/src/main/java/org/junit/ComparisonFailure.java","L2955","10","0","5","0","98","172"
"L2965","FixMethodOrder.java","C:/Users/Deyan/Downloads/junit4-r4.13.1/src/main/java/org/junit/FixMethodOrder.java","L2955","1","0","1","0","11","42"
"L2966","Ignore.java","C:/Users/Deyan/Downloads/junit4-r4.13.1/src/main/java/org/junit/Ignore.java","L2955","1","0","1","0","10","41"
"L2967","package-info.java","C:/Users/Deyan/Downloads/junit4-r4.13.1/src/main/java/org/junit/package-info.java","L2955","1","0","0","0","1","8"
"L2968","Rule.java","C:/Users/Deyan/Downloads/junit4-r4.13.1/src/main/java/org/junit/Rule.java","L2955","1","0","1","0","11","102"
"L2969","Test.java","C:/Users/Deyan/Downloads/junit4-r4.13.1/src/main/java/org/junit/Test.java","L2955","1","0","2","0","17","118"
"L2970","TestCouldNotBeSkippedException.java","C:/Users/Deyan/Downloads/junit4-r4.13.1/src/main/java/org/junit/TestCouldNotBeSkippedException.java","L2955","1","0","2","0","7","20"
"L1819","AllTests.java","C:/Users/Deyan/Downloads/junit4-r4.13.1/src/test/java/junit/samples/AllTests.java","L1818","1","0","1","2","15","22"
"L1820","ListTest.java","C:/Users/Deyan/Downloads/junit4-r4.13.1/src/test/java/junit/samples/ListTest.java","L1818","3","0","1","6","52","67"
"L1821","package-info.java","C:/Users/Deyan/Downloads/junit4-r4.13.1/src/test/java/junit/samples/package-info.java","L1818","1","0","0","0","1","4"
"L1822","SimpleTest.java","C:/Users/Deyan/Downloads/junit4-r4.13.1/src/test/java/junit/samples/SimpleTest.java","L1818","1","0","1","5","36","72"
"L2101","AllTests.java","C:/Users/Deyan/Downloads/junit4-r4.13.1/src/test/java/junit/tests/AllTests.java","L2100","1","0","1","2","15","22"
"L2102","package-info.java","C:/Users/Deyan/Downloads/junit4-r4.13.1/src/test/java/junit/tests/package-info.java","L2100","1","0","0","0","1","4"
"L2103","WasRun.java","C:/Users/Deyan/Downloads/junit4-r4.13.1/src/test/java/junit/tests/WasRun.java","L2100","1","0","1","0","9","16"
"L2973","AssumptionViolatedExceptionTest.java","C:/Users/Deyan/Downloads/junit4-r4.13.1/src/test/java/org/junit/AssumptionViolatedExceptionTest.java","L2972","1","0","0","10","82","96"
"L3572","ParallelComputer.java","C:/Users/Deyan/Downloads/junit4-r4.13.1/src/main/java/org/junit/experimental/ParallelComputer.java","L3571","5","0","0","5","55","68"
"L5619","ThrowingRunnable.java","C:/Users/Deyan/Downloads/junit4-r4.13.1/src/main/java/org/junit/function/ThrowingRunnable.java","L5618","1","0","1","1","4","15"
"L5626","ArrayComparisonFailure.java","C:/Users/Deyan/Downloads/junit4-r4.13.1/src/main/java/org/junit/internal/ArrayComparisonFailure.java","L5625","4","0","3","3","43","75"
"L5627","AssumptionViolatedException.java","C:/Users/Deyan/Downloads/junit4-r4.13.1/src/main/java/org/junit/internal/AssumptionViolatedException.java","L5625","6","0","6","2","59","112"
"L5628","Checks.java","C:/Users/Deyan/Downloads/junit4-r4.13.1/src/main/java/org/junit/internal/Checks.java","L5625","3","0","3","0","16","38"
"L5629","Classes.java","C:/Users/Deyan/Downloads/junit4-r4.13.1/src/main/java/org/junit/internal/Classes.java","L5625","2","0","4","0","14","45"
"L5630","ComparisonCriteria.java","C:/Users/Deyan/Downloads/junit4-r4.13.1/src/main/java/org/junit/internal/ComparisonCriteria.java","L5625","20","0","2","0","94","133"
"L5631","ExactComparisonCriteria.java","C:/Users/Deyan/Downloads/junit4-r4.13.1/src/main/java/org/junit/internal/ExactComparisonCriteria.java","L5625","1","0","0","1","8","11"
"L5632","InexactComparisonCriteria.java","C:/Users/Deyan/Downloads/junit4-r4.13.1/src/main/java/org/junit/internal/InexactComparisonCriteria.java","L5625","2","0","0","3","19","24"
"L5633","JUnitSystem.java","C:/Users/Deyan/Downloads/junit4-r4.13.1/src/main/java/org/junit/internal/JUnitSystem.java","L5625","1","0","1","2","7","15"
"L5634","MethodSorter.java","C:/Users/Deyan/Downloads/junit4-r4.13.1/src/main/java/org/junit/internal/MethodSorter.java","L5625","6","0","1","1","42","73"
"L5635","RealSystem.java","C:/Users/Deyan/Downloads/junit4-r4.13.1/src/main/java/org/junit/internal/RealSystem.java","L5625","1","0","1","2","11","20"
"L5636","TextListener.java","C:/Users/Deyan/Downloads/junit4-r4.13.1/src/main/java/org/junit/internal/TextListener.java","L5625","6","0","0","7","76","102"
"L5637","Throwables.java","C:/Users/Deyan/Downloads/junit4-r4.13.1/src/main/java/org/junit/internal/Throwables.java","L5625","25","0","4","0","199","271"
"L8039","JUnitMatchers.java","C:/Users/Deyan/Downloads/junit4-r4.13.1/src/main/java/org/junit/matchers/JUnitMatchers.java","L8038","1","0","11","0","46","114"
"L8040","package-info.java","C:/Users/Deyan/Downloads/junit4-r4.13.1/src/main/java/org/junit/matchers/package-info.java","L8038","1","0","0","0","1","9"
"L8114","DisableOnDebug.java","C:/Users/Deyan/Downloads/junit4-r4.13.1/src/main/java/org/junit/rules/DisableOnDebug.java","L8113","5","0","4","0","36","126"
"L8115","ErrorCollector.java","C:/Users/Deyan/Downloads/junit4-r4.13.1/src/main/java/org/junit/rules/ErrorCollector.java","L8113","6","0","6","0","60","121"
"L8116","ExpectedException.java","C:/Users/Deyan/Downloads/junit4-r4.13.1/src/main/java/org/junit/rules/ExpectedException.java","L8113","4","0","11","1","88","286"
"L8117","ExpectedExceptionMatcherBuilder.java","C:/Users/Deyan/Downloads/junit4-r4.13.1/src/main/java/org/junit/rules/ExpectedExceptionMatcherBuilder.java","L8113","2","0","0","0","32","47"
"L8118","ExternalResource.java","C:/Users/Deyan/Downloads/junit4-r4.13.1/src/main/java/org/junit/rules/ExternalResource.java","L8113","3","0","1","1","36","85"
"L8119","MethodRule.java","C:/Users/Deyan/Downloads/junit4-r4.13.1/src/main/java/org/junit/rules/MethodRule.java","L8113","1","0","2","0","7","33"
"L8120","RuleChain.java","C:/Users/Deyan/Downloads/junit4-r4.13.1/src/main/java/org/junit/rules/RuleChain.java","L8113","2","0","5","0","33","113"
"L8121","RunRules.java","C:/Users/Deyan/Downloads/junit4-r4.13.1/src/main/java/org/junit/rules/RunRules.java","L8113","2","0","1","2","20","31"
"L8122","Stopwatch.java","C:/Users/Deyan/Downloads/junit4-r4.13.1/src/main/java/org/junit/rules/Stopwatch.java","L8113","3","0","2","2","72","184"
"L8123","TemporaryFolder.java","C:/Users/Deyan/Downloads/junit4-r4.13.1/src/main/java/org/junit/rules/TemporaryFolder.java","L8113","26","0","16","0","193","352"
"L8124","TestName.java","C:/Users/Deyan/Downloads/junit4-r4.13.1/src/main/java/org/junit/rules/TestName.java","L8113","1","0","2","0","12","42"
"L8125","TestRule.java","C:/Users/Deyan/Downloads/junit4-r4.13.1/src/main/java/org/junit/rules/TestRule.java","L8113","1","0","2","0","6","57"
"L8126","TestWatcher.java","C:/Users/Deyan/Downloads/junit4-r4.13.1/src/main/java/org/junit/rules/TestWatcher.java","L8113","9","0","1","1","93","171"
"L8127","TestWatchman.java","C:/Users/Deyan/Downloads/junit4-r4.13.1/src/main/java/org/junit/rules/TestWatchman.java","L8113","3","0","5","1","35","92"
"L8128","Timeout.java","C:/Users/Deyan/Downloads/junit4-r4.13.1/src/main/java/org/junit/rules/Timeout.java","L8113","2","0","10","1","85","234"
"L8129","Verifier.java","C:/Users/Deyan/Downloads/junit4-r4.13.1/src/main/java/org/junit/rules/Verifier.java","L8113","1","0","1","1","16","48"
"L11148","Computer.java","C:/Users/Deyan/Downloads/junit4-r4.13.1/src/main/java/org/junit/runner/Computer.java","L11147","1","0","3","0","26","53"
"L11149","Describable.java","C:/Users/Deyan/Downloads/junit4-r4.13.1/src/main/java/org/junit/runner/Describable.java","L11147","1","0","2","0","4","14"
"L11150","Description.java","C:/Users/Deyan/Downloads/junit4-r4.13.1/src/main/java/org/junit/runner/Description.java","L11147","14","0","22","3","149","327"
"L11151","FilterFactories.java","C:/Users/Deyan/Downloads/junit4-r4.13.1/src/main/java/org/junit/runner/FilterFactories.java","L11147","4","0","0","0","44","83"
"L11152","FilterFactory.java","C:/Users/Deyan/Downloads/junit4-r4.13.1/src/main/java/org/junit/runner/FilterFactory.java","L11147","1","0","3","1","11","26"
"L11153","FilterFactoryParams.java","C:/Users/Deyan/Downloads/junit4-r4.13.1/src/main/java/org/junit/runner/FilterFactoryParams.java","L11147","3","0","0","4","18","24"
"L11154","JUnitCommandLineParseResult.java","C:/Users/Deyan/Downloads/junit4-r4.13.1/src/main/java/org/junit/runner/JUnitCommandLineParseResult.java","L11147","14","0","0","0","103","148"
"L11155","JUnitCore.java","C:/Users/Deyan/Downloads/junit4-r4.13.1/src/main/java/org/junit/runner/JUnitCore.java","L11147","2","0","12","0","65","168"
"L11156","OrderWith.java","C:/Users/Deyan/Downloads/junit4-r4.13.1/src/main/java/org/junit/runner/OrderWith.java","L11147","1","0","1","0","15","29"
"L11157","OrderWithValidator.java","C:/Users/Deyan/Downloads/junit4-r4.13.1/src/main/java/org/junit/runner/OrderWithValidator.java","L11147","2","0","2","0","17","39"
"L11158","package-info.java","C:/Users/Deyan/Downloads/junit4-r4.13.1/src/main/java/org/junit/runner/package-info.java","L11147","1","0","0","0","1","6"
"L11159","Request.java","C:/Users/Deyan/Downloads/junit4-r4.13.1/src/main/java/org/junit/runner/Request.java","L11147","2","0","13","0","59","203"
"L11160","Result.java","C:/Users/Deyan/Downloads/junit4-r4.13.1/src/main/java/org/junit/runner/Result.java","L11147","2","0","9","1","151","218"
"L11161","Runner.java","C:/Users/Deyan/Downloads/junit4-r4.13.1/src/main/java/org/junit/runner/Runner.java","L11147","1","0","4","0","9","44"
"L11162","RunWith.java","C:/Users/Deyan/Downloads/junit4-r4.13.1/src/main/java/org/junit/runner/RunWith.java","L11147","1","0","1","0","12","37"
"L12564","AllTests.java","C:/Users/Deyan/Downloads/junit4-r4.13.1/src/main/java/org/junit/runners/AllTests.java","L12563","1","0","2","0","7","28"
"L12565","BlockJUnit4ClassRunner.java","C:/Users/Deyan/Downloads/junit4-r4.13.1/src/main/java/org/junit/runners/BlockJUnit4ClassRunner.java","L12563","24","0","2","0","265","474"
"L12566","JUnit4.java","C:/Users/Deyan/Downloads/junit4-r4.13.1/src/main/java/org/junit/runners/JUnit4.java","L12563","1","0","2","0","8","26"
"L12567","MethodSorters.java","C:/Users/Deyan/Downloads/junit4-r4.13.1/src/main/java/org/junit/runners/MethodSorters.java","L12563","1","0","1","1","16","42"
"L12568","package-info.java","C:/Users/Deyan/Downloads/junit4-r4.13.1/src/main/java/org/junit/runners/package-info.java","L12563","1","0","0","0","1","8"
"L12569","Parameterized.java","C:/Users/Deyan/Downloads/junit4-r4.13.1/src/main/java/org/junit/runners/Parameterized.java","L12563","22","0","7","0","232","505"
"L12570","ParentRunner.java","C:/Users/Deyan/Downloads/junit4-r4.13.1/src/main/java/org/junit/runners/ParentRunner.java","L12563","34","0","6","2","357","583"
"L12571","RuleContainer.java","C:/Users/Deyan/Downloads/junit4-r4.13.1/src/main/java/org/junit/runners/RuleContainer.java","L12563","12","0","0","0","81","114"
"L12572","Suite.java","C:/Users/Deyan/Downloads/junit4-r4.13.1/src/main/java/org/junit/runners/Suite.java","L12563","3","0","5","0","65","131"
"L14275","AnnotationsValidator.java","C:/Users/Deyan/Downloads/junit4-r4.13.1/src/main/java/org/junit/validator/AnnotationsValidator.java","L14274","5","0","2","0","90","121"
"L14276","AnnotationValidator.java","C:/Users/Deyan/Downloads/junit4-r4.13.1/src/main/java/org/junit/validator/AnnotationValidator.java","L14274","1","0","4","0","18","61"
"L14277","AnnotationValidatorFactory.java","C:/Users/Deyan/Downloads/junit4-r4.13.1/src/main/java/org/junit/validator/AnnotationValidatorFactory.java","L14274","3","0","2","0","20","40"
"L14278","PublicClassValidator.java","C:/Users/Deyan/Downloads/junit4-r4.13.1/src/main/java/org/junit/validator/PublicClassValidator.java","L14274","2","0","2","0","16","34"
"L14279","TestClassValidator.java","C:/Users/Deyan/Downloads/junit4-r4.13.1/src/main/java/org/junit/validator/TestClassValidator.java","L14274","1","0","2","0","6","22"
"L14280","ValidateWith.java","C:/Users/Deyan/Downloads/junit4-r4.13.1/src/main/java/org/junit/validator/ValidateWith.java","L14274","1","0","1","0","12","23"
"L3575","Categories.java","C:/Users/Deyan/Downloads/junit4-r4.13.1/src/main/java/org/junit/experimental/categories/Categories.java","L3574","34","0","3","13","220","376"
"L3576","Category.java","C:/Users/Deyan/Downloads/junit4-r4.13.1/src/main/java/org/junit/experimental/categories/Category.java","L3574","1","0","1","0","11","48"
"L3577","CategoryFilterFactory.java","C:/Users/Deyan/Downloads/junit4-r4.13.1/src/main/java/org/junit/experimental/categories/CategoryFilterFactory.java","L3574","3","0","0","0","25","52"
"L3578","CategoryValidator.java","C:/Users/Deyan/Downloads/junit4-r4.13.1/src/main/java/org/junit/experimental/categories/CategoryValidator.java","L3574","4","0","2","0","38","63"
"L3579","ExcludeCategories.java","C:/Users/Deyan/Downloads/junit4-r4.13.1/src/main/java/org/junit/experimental/categories/ExcludeCategories.java","L3574","1","0","1","0","24","53"
"L3580","IncludeCategories.java","C:/Users/Deyan/Downloads/junit4-r4.13.1/src/main/java/org/junit/experimental/categories/IncludeCategories.java","L3574","1","0","1","0","24","53"
"L4513","CouldNotReadCoreException.java","C:/Users/Deyan/Downloads/junit4-r4.13.1/src/main/java/org/junit/experimental/max/CouldNotReadCoreException.java","L4512","1","0","2","0","7","16"
"L4514","MaxCore.java","C:/Users/Deyan/Downloads/junit4-r4.13.1/src/main/java/org/junit/experimental/max/MaxCore.java","L4512","12","0","8","0","110","181"
"L4515","MaxHistory.java","C:/Users/Deyan/Downloads/junit4-r4.13.1/src/main/java/org/junit/experimental/max/MaxHistory.java","L4512","9","0","4","0","127","179"
"L4827","FailureList.java","C:/Users/Deyan/Downloads/junit4-r4.13.1/src/main/java/org/junit/experimental/results/FailureList.java","L4826","3","0","0","0","23","28"
"L4828","PrintableResult.java","C:/Users/Deyan/Downloads/junit4-r4.13.1/src/main/java/org/junit/experimental/results/PrintableResult.java","L4826","1","0","6","1","36","72"
"L4829","ResultMatchers.java","C:/Users/Deyan/Downloads/junit4-r4.13.1/src/main/java/org/junit/experimental/results/ResultMatchers.java","L4826","4","0","7","0","58","101"
"L4917","Enclosed.java","C:/Users/Deyan/Downloads/junit4-r4.13.1/src/main/java/org/junit/experimental/runners/Enclosed.java","L4916","3","0","2","0","20","46"
"L4939","DataPoint.java","C:/Users/Deyan/Downloads/junit4-r4.13.1/src/main/java/org/junit/experimental/theories/DataPoint.java","L4938","1","0","1","0","12","56"
"L4940","DataPoints.java","C:/Users/Deyan/Downloads/junit4-r4.13.1/src/main/java/org/junit/experimental/theories/DataPoints.java","L4938","1","0","1","0","12","65"
"L4941","FromDataPoints.java","C:/Users/Deyan/Downloads/junit4-r4.13.1/src/main/java/org/junit/experimental/theories/FromDataPoints.java","L4938","1","0","1","0","12","55"
"L4942","ParameterSignature.java","C:/Users/Deyan/Downloads/junit4-r4.13.1/src/main/java/org/junit/experimental/theories/ParameterSignature.java","L4938","13","0","0","11","110","134"
"L4943","ParametersSuppliedBy.java","C:/Users/Deyan/Downloads/junit4-r4.13.1/src/main/java/org/junit/experimental/theories/ParametersSuppliedBy.java","L4938","1","0","1","0","11","49"
"L4944","ParameterSupplier.java","C:/Users/Deyan/Downloads/junit4-r4.13.1/src/main/java/org/junit/experimental/theories/ParameterSupplier.java","L4938","1","0","1","1","5","44"
"L4945","PotentialAssignment.java","C:/Users/Deyan/Downloads/junit4-r4.13.1/src/main/java/org/junit/experimental/theories/PotentialAssignment.java","L4938","3","0","0","7","41","52"
"L4946","Theories.java","C:/Users/Deyan/Downloads/junit4-r4.13.1/src/main/java/org/junit/experimental/theories/Theories.java","L4938","28","0","1","5","218","311"
"L4947","Theory.java","C:/Users/Deyan/Downloads/junit4-r4.13.1/src/main/java/org/junit/experimental/theories/Theory.java","L4938","1","0","1","0","10","18"
"L5710","AllDefaultPossibilitiesBuilder.java","C:/Users/Deyan/Downloads/junit4-r4.13.1/src/main/java/org/junit/internal/builders/AllDefaultPossibilitiesBuilder.java","L5709","4","0","2","2","49","67"
"L5711","AnnotatedBuilder.java","C:/Users/Deyan/Downloads/junit4-r4.13.1/src/main/java/org/junit/internal/builders/AnnotatedBuilder.java","L5709","7","0","1","3","46","116"
"L5712","IgnoredBuilder.java","C:/Users/Deyan/Downloads/junit4-r4.13.1/src/main/java/org/junit/internal/builders/IgnoredBuilder.java","L5709","2","0","0","2","13","15"
"L5713","IgnoredClassRunner.java","C:/Users/Deyan/Downloads/junit4-r4.13.1/src/main/java/org/junit/internal/builders/IgnoredClassRunner.java","L5709","1","0","0","4","18","23"
"L5714","JUnit3Builder.java","C:/Users/Deyan/Downloads/junit4-r4.13.1/src/main/java/org/junit/internal/builders/JUnit3Builder.java","L5709","2","0","0","2","16","19"
"L5715","JUnit4Builder.java","C:/Users/Deyan/Downloads/junit4-r4.13.1/src/main/java/org/junit/internal/builders/JUnit4Builder.java","L5709","1","0","0","2","10","13"
"L5716","NullBuilder.java","C:/Users/Deyan/Downloads/junit4-r4.13.1/src/main/java/org/junit/internal/builders/NullBuilder.java","L5709","1","0","0","2","9","11"
"L5717","SuiteMethodBuilder.java","C:/Users/Deyan/Downloads/junit4-r4.13.1/src/main/java/org/junit/internal/builders/SuiteMethodBuilder.java","L5709","3","0","0","3","21","24"
"L6005","FakeRuntimeMXBean.java","C:/Users/Deyan/Downloads/junit4-r4.13.1/src/main/java/org/junit/internal/management/FakeRuntimeMXBean.java","L6004","1","0","0","0","8","22"
"L6006","FakeThreadMXBean.java","C:/Users/Deyan/Downloads/junit4-r4.13.1/src/main/java/org/junit/internal/management/FakeThreadMXBean.java","L6004","1","0","0","0","9","28"
"L6007","ManagementFactory.java","C:/Users/Deyan/Downloads/junit4-r4.13.1/src/main/java/org/junit/internal/management/ManagementFactory.java","L6004","9","0","3","0","51","78"
"L6008","ReflectiveRuntimeMXBean.java","C:/Users/Deyan/Downloads/junit4-r4.13.1/src/main/java/org/junit/internal/management/ReflectiveRuntimeMXBean.java","L6004","6","0","0","0","40","62"
"L6009","ReflectiveThreadMXBean.java","C:/Users/Deyan/Downloads/junit4-r4.13.1/src/main/java/org/junit/internal/management/ReflectiveThreadMXBean.java","L6004","11","0","0","0","60","93"
"L6010","RuntimeMXBean.java","C:/Users/Deyan/Downloads/junit4-r4.13.1/src/main/java/org/junit/internal/management/RuntimeMXBean.java","L6004","1","0","2","0","5","15"
"L6011","ThreadMXBean.java","C:/Users/Deyan/Downloads/junit4-r4.13.1/src/main/java/org/junit/internal/management/ThreadMXBean.java","L6004","1","0","3","0","5","18"
"L6126","StacktracePrintingMatcher.java","C:/Users/Deyan/Downloads/junit4-r4.13.1/src/main/java/org/junit/internal/matchers/StacktracePrintingMatcher.java","L6125","1","0","1","4","38","54"
"L6127","ThrowableCauseMatcher.java","C:/Users/Deyan/Downloads/junit4-r4.13.1/src/main/java/org/junit/internal/matchers/ThrowableCauseMatcher.java","L6125","1","0","2","2","29","50"
"L6128","ThrowableMessageMatcher.java","C:/Users/Deyan/Downloads/junit4-r4.13.1/src/main/java/org/junit/internal/matchers/ThrowableMessageMatcher.java","L6125","1","0","0","4","29","37"
"L6129","TypeSafeMatcher.java","C:/Users/Deyan/Downloads/junit4-r4.13.1/src/main/java/org/junit/internal/matchers/TypeSafeMatcher.java","L6125","8","0","3","0","36","64"
"L6319","ClassRequest.java","C:/Users/Deyan/Downloads/junit4-r4.13.1/src/main/java/org/junit/internal/requests/ClassRequest.java","L6318","3","0","0","3","35","54"
"L6320","FilterRequest.java","C:/Users/Deyan/Downloads/junit4-r4.13.1/src/main/java/org/junit/internal/requests/FilterRequest.java","L6318","2","0","2","1","26","45"
"L6321","MemoizingRequest.java","C:/Users/Deyan/Downloads/junit4-r4.13.1/src/main/java/org/junit/internal/requests/MemoizingRequest.java","L6318","3","0","0","0","24","31"
"L6322","OrderingRequest.java","C:/Users/Deyan/Downloads/junit4-r4.13.1/src/main/java/org/junit/internal/requests/OrderingRequest.java","L6318","2","0","1","1","24","30"
"L6323","package-info.java","C:/Users/Deyan/Downloads/junit4-r4.13.1/src/main/java/org/junit/internal/requests/package-info.java","L6318","1","0","0","0","1","6"
"L6324","SortingRequest.java","C:/Users/Deyan/Downloads/junit4-r4.13.1/src/main/java/org/junit/internal/requests/SortingRequest.java","L6318","1","0","0","3","20","26"
"L6420","ClassRoadie.java","C:/Users/Deyan/Downloads/junit4-r4.13.1/src/main/java/org/junit/internal/runners/ClassRoadie.java","L6419","9","0","1","2","67","82"
"L6421","ErrorReportingRunner.java","C:/Users/Deyan/Downloads/junit4-r4.13.1/src/main/java/org/junit/internal/runners/ErrorReportingRunner.java","L6419","13","0","0","5","79","93"
"L6422","FailedBefore.java","C:/Users/Deyan/Downloads/junit4-r4.13.1/src/main/java/org/junit/internal/runners/FailedBefore.java","L6419","1","0","0","0","6","13"
"L6423","InitializationError.java","C:/Users/Deyan/Downloads/junit4-r4.13.1/src/main/java/org/junit/internal/runners/InitializationError.java","L6419","1","0","1","4","20","38"
"L6424","JUnit38ClassRunner.java","C:/Users/Deyan/Downloads/junit4-r4.13.1/src/main/java/org/junit/internal/runners/JUnit38ClassRunner.java","L6419","19","0","1","8","160","197"
"L6425","JUnit4ClassRunner.java","C:/Users/Deyan/Downloads/junit4-r4.13.1/src/main/java/org/junit/internal/runners/JUnit4ClassRunner.java","L6419","8","0","1","5","121","147"
"L6426","MethodRoadie.java","C:/Users/Deyan/Downloads/junit4-r4.13.1/src/main/java/org/junit/internal/runners/MethodRoadie.java","L6419","21","0","1","4","144","164"
"L6427","MethodValidator.java","C:/Users/Deyan/Downloads/junit4-r4.13.1/src/main/java/org/junit/internal/runners/MethodValidator.java","L6419","11","0","1","6","78","98"
"L6428","package-info.java","C:/Users/Deyan/Downloads/junit4-r4.13.1/src/main/java/org/junit/internal/runners/package-info.java","L6419","1","0","0","0","1","6"
"L6429","SuiteMethod.java","C:/Users/Deyan/Downloads/junit4-r4.13.1/src/main/java/org/junit/internal/runners/SuiteMethod.java","L6419","3","0","1","2","24","42"
"L6430","TestClass.java","C:/Users/Deyan/Downloads/junit4-r4.13.1/src/main/java/org/junit/internal/runners/TestClass.java","L6419","14","0","1","6","88","110"
"L6431","TestMethod.java","C:/Users/Deyan/Downloads/junit4-r4.13.1/src/main/java/org/junit/internal/runners/TestMethod.java","L6419","4","0","1","4","53","72"
"L11464","Alphanumeric.java","C:/Users/Deyan/Downloads/junit4-r4.13.1/src/main/java/org/junit/runner/manipulation/Alphanumeric.java","L11463","1","0","1","2","16","28"
"L11465","Filter.java","C:/Users/Deyan/Downloads/junit4-r4.13.1/src/main/java/org/junit/runner/manipulation/Filter.java","L11463","8","0","6","0","68","123"
"L11466","Filterable.java","C:/Users/Deyan/Downloads/junit4-r4.13.1/src/main/java/org/junit/runner/manipulation/Filterable.java","L11463","1","0","2","0","4","20"
"L11467","InvalidOrderingException.java","C:/Users/Deyan/Downloads/junit4-r4.13.1/src/main/java/org/junit/runner/manipulation/InvalidOrderingException.java","L11463","1","0","1","3","12","22"
"L11468","NoTestsRemainException.java","C:/Users/Deyan/Downloads/junit4-r4.13.1/src/main/java/org/junit/runner/manipulation/NoTestsRemainException.java","L11463","1","0","1","0","4","11"
"L11469","Orderable.java","C:/Users/Deyan/Downloads/junit4-r4.13.1/src/main/java/org/junit/runner/manipulation/Orderable.java","L11463","1","0","2","0","4","22"
"L11470","Orderer.java","C:/Users/Deyan/Downloads/junit4-r4.13.1/src/main/java/org/junit/runner/manipulation/Orderer.java","L11463","6","0","3","0","38","63"
"L11471","Ordering.java","C:/Users/Deyan/Downloads/junit4-r4.13.1/src/main/java/org/junit/runner/manipulation/Ordering.java","L11463","9","0","9","0","92","173"
"L11472","package-info.java","C:/Users/Deyan/Downloads/junit4-r4.13.1/src/main/java/org/junit/runner/manipulation/package-info.java","L11463","1","0","0","0","1","7"
"L11473","Sortable.java","C:/Users/Deyan/Downloads/junit4-r4.13.1/src/main/java/org/junit/runner/manipulation/Sortable.java","L11463","1","0","2","0","4","21"
"L11474","Sorter.java","C:/Users/Deyan/Downloads/junit4-r4.13.1/src/main/java/org/junit/runner/manipulation/Sorter.java","L11463","2","0","3","1","38","91"
"L11653","Failure.java","C:/Users/Deyan/Downloads/junit4-r4.13.1/src/main/java/org/junit/runner/notification/Failure.java","L11652","1","0","8","1","35","91"
"L11654","package-info.java","C:/Users/Deyan/Downloads/junit4-r4.13.1/src/main/java/org/junit/runner/notification/package-info.java","L11652","1","0","0","0","1","6"
"L11655","RunListener.java","C:/Users/Deyan/Downloads/junit4-r4.13.1/src/main/java/org/junit/runner/notification/RunListener.java","L11652","1","0","11","0","33","169"
"L11656","RunNotifier.java","C:/Users/Deyan/Downloads/junit4-r4.13.1/src/main/java/org/junit/runner/notification/RunNotifier.java","L11652","10","0","14","0","143","250"
"L11657","StoppedByUserException.java","C:/Users/Deyan/Downloads/junit4-r4.13.1/src/main/java/org/junit/runner/notification/StoppedByUserException.java","L11652","1","0","1","0","4","13"
"L11658","SynchronizedRunListener.java","C:/Users/Deyan/Downloads/junit4-r4.13.1/src/main/java/org/junit/runner/notification/SynchronizedRunListener.java","L11652","3","0","0","0","85","135"
"L12844","Annotatable.java","C:/Users/Deyan/Downloads/junit4-r4.13.1/src/main/java/org/junit/runners/model/Annotatable.java","L12843","1","0","3","0","6","21"
"L12845","FrameworkField.java","C:/Users/Deyan/Downloads/junit4-r4.13.1/src/main/java/org/junit/runners/model/FrameworkField.java","L12843","4","0","5","6","61","101"
"L12846","FrameworkMember.java","C:/Users/Deyan/Downloads/junit4-r4.13.1/src/main/java/org/junit/runners/model/FrameworkMember.java","L12843","4","0","3","3","31","60"
"L12847","FrameworkMethod.java","C:/Users/Deyan/Downloads/junit4-r4.13.1/src/main/java/org/junit/runners/model/FrameworkMethod.java","L12843","16","0","13","5","123","217"
"L12848","InitializationError.java","C:/Users/Deyan/Downloads/junit4-r4.13.1/src/main/java/org/junit/runners/model/InitializationError.java","L12843","1","0","4","1","19","48"
"L12849","InvalidTestClassError.java","C:/Users/Deyan/Downloads/junit4-r4.13.1/src/main/java/org/junit/runners/model/InvalidTestClassError.java","L12843","2","0","2","1","23","40"
"L12850","MemberValueConsumer.java","C:/Users/Deyan/Downloads/junit4-r4.13.1/src/main/java/org/junit/runners/model/MemberValueConsumer.java","L12843","1","0","2","0","4","19"
"L12851","MultipleFailureException.java","C:/Users/Deyan/Downloads/junit4-r4.13.1/src/main/java/org/junit/runners/model/MultipleFailureException.java","L12843","10","0","2","6","66","105"
"L12852","NoGenericTypeParametersValidator.java","C:/Users/Deyan/Downloads/junit4-r4.13.1/src/main/java/org/junit/runners/model/NoGenericTypeParametersValidator.java","L12843","9","0","0","0","50","58"
"L12853","RunnerBuilder.java","C:/Users/Deyan/Downloads/junit4-r4.13.1/src/main/java/org/junit/runners/model/RunnerBuilder.java","L12843","7","0","4","1","66","133"
"L12854","RunnerScheduler.java","C:/Users/Deyan/Downloads/junit4-r4.13.1/src/main/java/org/junit/runners/model/RunnerScheduler.java","L12843","1","0","3","0","5","24"
"L12855","Statement.java","C:/Users/Deyan/Downloads/junit4-r4.13.1/src/main/java/org/junit/runners/model/Statement.java","L12843","1","0","2","0","4","15"
"L12856","TestClass.java","C:/Users/Deyan/Downloads/junit4-r4.13.1/src/main/java/org/junit/runners/model/TestClass.java","L12843","30","0","12","7","239","349"
"L12857","TestTimedOutException.java","C:/Users/Deyan/Downloads/junit4-r4.13.1/src/main/java/org/junit/runners/model/TestTimedOutException.java","L12843","1","0","4","0","19","45"
"L13649","BlockJUnit4ClassRunnerWithParameters.java","C:/Users/Deyan/Downloads/junit4-r4.13.1/src/main/java/org/junit/runners/parameterized/BlockJUnit4ClassRunnerWithParameters.java","L13648","22","0","1","2","191","220"
"L13650","BlockJUnit4ClassRunnerWithParametersFactory.java","C:/Users/Deyan/Downloads/junit4-r4.13.1/src/main/java/org/junit/runners/parameterized/BlockJUnit4ClassRunnerWithParametersFactory.java","L13648","1","0","1","1","10","19"
"L13651","ParametersRunnerFactory.java","C:/Users/Deyan/Downloads/junit4-r4.13.1/src/main/java/org/junit/runners/parameterized/ParametersRunnerFactory.java","L13648","1","0","2","0","7","22"
"L13652","TestWithParameters.java","C:/Users/Deyan/Downloads/junit4-r4.13.1/src/main/java/org/junit/runners/parameterized/TestWithParameters.java","L13648","6","0","1","7","57","78"
"L4970","AllMembersSupplier.java","C:/Users/Deyan/Downloads/junit4-r4.13.1/src/main/java/org/junit/experimental/theories/internal/AllMembersSupplier.java","L4969","29","0","2","1","166","204"
"L4971","Assignments.java","C:/Users/Deyan/Downloads/junit4-r4.13.1/src/main/java/org/junit/experimental/theories/internal/Assignments.java","L4969","11","0","2","9","117","153"
"L4972","BooleanSupplier.java","C:/Users/Deyan/Downloads/junit4-r4.13.1/src/main/java/org/junit/experimental/theories/internal/BooleanSupplier.java","L4969","1","0","0","2","13","19"
"L4973","EnumSupplier.java","C:/Users/Deyan/Downloads/junit4-r4.13.1/src/main/java/org/junit/experimental/theories/internal/EnumSupplier.java","L4969","2","0","0","3","21","31"
"L4974","ParameterizedAssertionError.java","C:/Users/Deyan/Downloads/junit4-r4.13.1/src/main/java/org/junit/experimental/theories/internal/ParameterizedAssertionError.java","L4969","5","0","0","6","42","50"
"L4975","SpecificDataPointsSupplier.java","C:/Users/Deyan/Downloads/junit4-r4.13.1/src/main/java/org/junit/experimental/theories/internal/SpecificDataPointsSupplier.java","L4969","9","0","0","2","69","91"
"L5437","TestedOn.java","C:/Users/Deyan/Downloads/junit4-r4.13.1/src/main/java/org/junit/experimental/theories/suppliers/TestedOn.java","L5436","1","0","1","0","12","32"
"L5438","TestedOnSupplier.java","C:/Users/Deyan/Downloads/junit4-r4.13.1/src/main/java/org/junit/experimental/theories/suppliers/TestedOnSupplier.java","L5436","2","0","1","1","18","26"
"L6850","EachTestNotifier.java","C:/Users/Deyan/Downloads/junit4-r4.13.1/src/main/java/org/junit/internal/runners/model/EachTestNotifier.java","L6849","3","0","2","7","44","71"
"L6851","MultipleFailureException.java","C:/Users/Deyan/Downloads/junit4-r4.13.1/src/main/java/org/junit/internal/runners/model/MultipleFailureException.java","L6849","1","0","0","2","9","13"
"L6852","ReflectiveCallable.java","C:/Users/Deyan/Downloads/junit4-r4.13.1/src/main/java/org/junit/internal/runners/model/ReflectiveCallable.java","L6849","2","0","1","1","12","19"
"L6901","RuleMemberValidator.java","C:/Users/Deyan/Downloads/junit4-r4.13.1/src/main/java/org/junit/internal/runners/rules/RuleMemberValidator.java","L6900","16","0","2","0","176","280"
"L6902","ValidationError.java","C:/Users/Deyan/Downloads/junit4-r4.13.1/src/main/java/org/junit/internal/runners/rules/ValidationError.java","L6900","1","0","0","0","9","15"
"L7095","ExpectException.java","C:/Users/Deyan/Downloads/junit4-r4.13.1/src/main/java/org/junit/internal/runners/statements/ExpectException.java","L7094","6","0","0","3","34","38"
"L7096","Fail.java","C:/Users/Deyan/Downloads/junit4-r4.13.1/src/main/java/org/junit/internal/runners/statements/Fail.java","L7094","1","0","0","3","12","17"
"L7097","FailOnTimeout.java","C:/Users/Deyan/Downloads/junit4-r4.13.1/src/main/java/org/junit/internal/runners/statements/FailOnTimeout.java","L7094","27","0","6","2","187","302"
"L7098","InvokeMethod.java","C:/Users/Deyan/Downloads/junit4-r4.13.1/src/main/java/org/junit/internal/runners/statements/InvokeMethod.java","L7094","1","0","0","3","15","19"
"L7099","RunAfters.java","C:/Users/Deyan/Downloads/junit4-r4.13.1/src/main/java/org/junit/internal/runners/statements/RunAfters.java","L7094","4","0","0","3","37","48"
"L7100","RunBefores.java","C:/Users/Deyan/Downloads/junit4-r4.13.1/src/main/java/org/junit/internal/runners/statements/RunBefores.java","L7094","2","0","0","3","24","35"
"L1876","IMoney.java","C:/Users/Deyan/Downloads/junit4-r4.13.1/src/test/java/junit/samples/money/IMoney.java","L1875","1","0","9","0","11","52"
"L1877","Money.java","C:/Users/Deyan/Downloads/junit4-r4.13.1/src/test/java/junit/samples/money/Money.java","L1875","7","0","3","12","67","92"
"L1878","MoneyBag.java","C:/Users/Deyan/Downloads/junit4-r4.13.1/src/test/java/junit/samples/money/MoneyBag.java","L1875","20","0","1","12","123","155"
"L1879","MoneyTest.java","C:/Users/Deyan/Downloads/junit4-r4.13.1/src/test/java/junit/samples/money/MoneyTest.java","L1875","1","0","0","24","123","166"
"L1880","package-info.java","C:/Users/Deyan/Downloads/junit4-r4.13.1/src/test/java/junit/samples/money/package-info.java","L1875","1","0","0","0","1","4"
"L2117","ActiveTestTest.java","C:/Users/Deyan/Downloads/junit4-r4.13.1/src/test/java/junit/tests/extensions/ActiveTestTest.java","L2116","2","0","1","6","52","64"
"L2118","AllTests.java","C:/Users/Deyan/Downloads/junit4-r4.13.1/src/test/java/junit/tests/extensions/AllTests.java","L2116","1","0","1","2","15","22"
"L2119","ExtensionTest.java","C:/Users/Deyan/Downloads/junit4-r4.13.1/src/test/java/junit/tests/extensions/ExtensionTest.java","L2116","1","0","1","4","80","104"
"L2120","package-info.java","C:/Users/Deyan/Downloads/junit4-r4.13.1/src/test/java/junit/tests/extensions/package-info.java","L2116","1","0","0","0","1","4"
"L2121","RepeatedTestTest.java","C:/Users/Deyan/Downloads/junit4-r4.13.1/src/test/java/junit/tests/extensions/RepeatedTestTest.java","L2116","2","0","1","7","50","62"
"L2233","AllTests.java","C:/Users/Deyan/Downloads/junit4-r4.13.1/src/test/java/junit/tests/framework/AllTests.java","L2232","1","0","1","2","23","31"
"L2234","AssertionFailedErrorTest.java","C:/Users/Deyan/Downloads/junit4-r4.13.1/src/test/java/junit/tests/framework/AssertionFailedErrorTest.java","L2232","1","0","0","4","18","24"
"L2235","AssertTest.java","C:/Users/Deyan/Downloads/junit4-r4.13.1/src/test/java/junit/tests/framework/AssertTest.java","L2232","15","0","1","16","138","171"
"L2236","ComparisonCompactorTest.java","C:/Users/Deyan/Downloads/junit4-r4.13.1/src/test/java/junit/tests/framework/ComparisonCompactorTest.java","L2232","1","0","0","20","81","103"
"L2237","ComparisonFailureTest.java","C:/Users/Deyan/Downloads/junit4-r4.13.1/src/test/java/junit/tests/framework/ComparisonFailureTest.java","L2232","6","0","2","3","39","48"
"L2238","DoublePrecisionAssertTest.java","C:/Users/Deyan/Downloads/junit4-r4.13.1/src/test/java/junit/tests/framework/DoublePrecisionAssertTest.java","L2232","5","0","1","7","42","56"
"L2239","Failure.java","C:/Users/Deyan/Downloads/junit4-r4.13.1/src/test/java/junit/tests/framework/Failure.java","L2232","1","0","1","1","8","13"
"L2240","FloatAssertTest.java","C:/Users/Deyan/Downloads/junit4-r4.13.1/src/test/java/junit/tests/framework/FloatAssertTest.java","L2232","6","0","1","8","49","64"
"L2241","InheritedTestCase.java","C:/Users/Deyan/Downloads/junit4-r4.13.1/src/test/java/junit/tests/framework/InheritedTestCase.java","L2232","1","0","1","1","5","9"
"L2242","NoArgTestCaseTest.java","C:/Users/Deyan/Downloads/junit4-r4.13.1/src/test/java/junit/tests/framework/NoArgTestCaseTest.java","L2232","1","0","0","2","6","9"
"L2243","NoTestCaseClass.java","C:/Users/Deyan/Downloads/junit4-r4.13.1/src/test/java/junit/tests/framework/NoTestCaseClass.java","L2232","1","0","1","1","5","9"
"L2244","NoTestCases.java","C:/Users/Deyan/Downloads/junit4-r4.13.1/src/test/java/junit/tests/framework/NoTestCases.java","L2232","1","0","1","1","6","11"
"L2245","NotPublicTestCase.java","C:/Users/Deyan/Downloads/junit4-r4.13.1/src/test/java/junit/tests/framework/NotPublicTestCase.java","L2232","1","0","1","1","8","14"
"L2246","NotVoidTestCase.java","C:/Users/Deyan/Downloads/junit4-r4.13.1/src/test/java/junit/tests/framework/NotVoidTestCase.java","L2232","1","0","1","2","9","15"
"L2247","OneTestCase.java","C:/Users/Deyan/Downloads/junit4-r4.13.1/src/test/java/junit/tests/framework/OneTestCase.java","L2232","1","0","1","3","10","17"
"L2248","OverrideTestCase.java","C:/Users/Deyan/Downloads/junit4-r4.13.1/src/test/java/junit/tests/framework/OverrideTestCase.java","L2232","1","0","1","1","6","10"
"L2249","package-info.java","C:/Users/Deyan/Downloads/junit4-r4.13.1/src/test/java/junit/tests/framework/package-info.java","L2232","1","0","0","0","1","4"
"L2250","Success.java","C:/Users/Deyan/Downloads/junit4-r4.13.1/src/test/java/junit/tests/framework/Success.java","L2232","1","0","1","2","9","16"
"L2251","SuiteTest.java","C:/Users/Deyan/Downloads/junit4-r4.13.1/src/test/java/junit/tests/framework/SuiteTest.java","L2232","1","0","1","13","94","118"
"L2252","TestCaseTest.java","C:/Users/Deyan/Downloads/junit4-r4.13.1/src/test/java/junit/tests/framework/TestCaseTest.java","L2232","2","0","1","14","170","205"
"L2253","TestImplementorTest.java","C:/Users/Deyan/Downloads/junit4-r4.13.1/src/test/java/junit/tests/framework/TestImplementorTest.java","L2232","1","0","1","6","43","55"
"L2254","TestListenerTest.java","C:/Users/Deyan/Downloads/junit4-r4.13.1/src/test/java/junit/tests/framework/TestListenerTest.java","L2232","1","0","1","7","66","80"
"L2255","ThreeTestCases.java","C:/Users/Deyan/Downloads/junit4-r4.13.1/src/test/java/junit/tests/framework/ThreeTestCases.java","L2232","1","0","1","3","10","17"
"L2636","AllTests.java","C:/Users/Deyan/Downloads/junit4-r4.13.1/src/test/java/junit/tests/runner/AllTests.java","L2635","1","0","1","2","22","31"
"L2637","BaseTestRunnerTest.java","C:/Users/Deyan/Downloads/junit4-r4.13.1/src/test/java/junit/tests/runner/BaseTestRunnerTest.java","L2635","1","0","0","11","42","53"
"L2638","package-info.java","C:/Users/Deyan/Downloads/junit4-r4.13.1/src/test/java/junit/tests/runner/package-info.java","L2635","1","0","0","0","1","4"
"L2639","ResultTest.java","C:/Users/Deyan/Downloads/junit4-r4.13.1/src/test/java/junit/tests/runner/ResultTest.java","L2635","4","0","0","11","153","192"
"L2640","StackFilterTest.java","C:/Users/Deyan/Downloads/junit4-r4.13.1/src/test/java/junit/tests/runner/StackFilterTest.java","L2635","1","0","0","2","40","46"
"L2641","TextFeedbackTest.java","C:/Users/Deyan/Downloads/junit4-r4.13.1/src/test/java/junit/tests/runner/TextFeedbackTest.java","L2635","2","0","0","8","109","127"
"L2642","TextRunnerSingleMethodTest.java","C:/Users/Deyan/Downloads/junit4-r4.13.1/src/test/java/junit/tests/runner/TextRunnerSingleMethodTest.java","L2635","1","0","1","4","27","39"
"L2643","TextRunnerTest.java","C:/Users/Deyan/Downloads/junit4-r4.13.1/src/test/java/junit/tests/runner/TextRunnerTest.java","L2635","3","0","0","5","51","62"
"L5639","AllInternalTests.java","C:/Users/Deyan/Downloads/junit4-r4.13.1/src/test/java/org/junit/internal/AllInternalTests.java","L5638","1","0","0","1","25","28"
"L5640","ArrayComparisonFailureTest.java","C:/Users/Deyan/Downloads/junit4-r4.13.1/src/test/java/org/junit/internal/ArrayComparisonFailureTest.java","L5638","2","0","1","2","41","68"
"L5641","ChecksTest.java","C:/Users/Deyan/Downloads/junit4-r4.13.1/src/test/java/org/junit/internal/ChecksTest.java","L5638","4","0","1","5","48","61"
"L5642","MethodSorterTest.java","C:/Users/Deyan/Downloads/junit4-r4.13.1/src/test/java/org/junit/internal/MethodSorterTest.java","L5638","3","0","0","7","141","183"
"L5643","StackTracesTest.java","C:/Users/Deyan/Downloads/junit4-r4.13.1/src/test/java/org/junit/internal/StackTracesTest.java","L5638","13","0","0","35","381","477"
"L8131","AllRulesTests.java","C:/Users/Deyan/Downloads/junit4-r4.13.1/src/test/java/org/junit/rules/AllRulesTests.java","L8130","1","0","0","1","29","32"
"L8132","BlockJUnit4ClassRunnerOverrideTest.java","C:/Users/Deyan/Downloads/junit4-r4.13.1/src/test/java/org/junit/rules/BlockJUnit4ClassRunnerOverrideTest.java","L8130","1","0","2","21","129","176"
"L8133","ClassRulesTest.java","C:/Users/Deyan/Downloads/junit4-r4.13.1/src/test/java/org/junit/rules/ClassRulesTest.java","L8130","1","0","1","54","295","367"
"L8134","DisableOnDebugTest.java","C:/Users/Deyan/Downloads/junit4-r4.13.1/src/test/java/org/junit/rules/DisableOnDebugTest.java","L8130","1","0","0","20","125","165"
"L8135","ErrorCollectorTest.java","C:/Users/Deyan/Downloads/junit4-r4.13.1/src/test/java/org/junit/rules/ErrorCollectorTest.java","L8130","1","0","0","39","283","328"
"L8136","EventCollector.java","C:/Users/Deyan/Downloads/junit4-r4.13.1/src/test/java/org/junit/rules/EventCollector.java","L8130","5","0","0","10","157","192"
"L8137","ExpectedExceptionTest.java","C:/Users/Deyan/Downloads/junit4-r4.13.1/src/test/java/org/junit/rules/ExpectedExceptionTest.java","L8130","1","0","1","49","320","386"
"L8138","ExternalResourceRuleTest.java","C:/Users/Deyan/Downloads/junit4-r4.13.1/src/test/java/org/junit/rules/ExternalResourceRuleTest.java","L8130","4","0","0","9","149","169"
"L8139","LoggingMethodRule.java","C:/Users/Deyan/Downloads/junit4-r4.13.1/src/test/java/org/junit/rules/LoggingMethodRule.java","L8130","1","0","0","0","14","19"
"L8140","LoggingStatement.java","C:/Users/Deyan/Downloads/junit4-r4.13.1/src/test/java/org/junit/rules/LoggingStatement.java","L8130","1","0","0","0","20","25"
"L8141","LoggingTestRule.java","C:/Users/Deyan/Downloads/junit4-r4.13.1/src/test/java/org/junit/rules/LoggingTestRule.java","L8130","1","0","0","0","14","19"
"L8142","LoggingTestWatcher.java","C:/Users/Deyan/Downloads/junit4-r4.13.1/src/test/java/org/junit/rules/LoggingTestWatcher.java","L8130","1","0","0","0","33","42"
"L8143","MethodRulesTest.java","C:/Users/Deyan/Downloads/junit4-r4.13.1/src/test/java/org/junit/rules/MethodRulesTest.java","L8130","1","0","3","49","318","421"
"L8144","NameRulesTest.java","C:/Users/Deyan/Downloads/junit4-r4.13.1/src/test/java/org/junit/rules/NameRulesTest.java","L8130","1","0","0","8","40","51"
"L8145","RuleChainTest.java","C:/Users/Deyan/Downloads/junit4-r4.13.1/src/test/java/org/junit/rules/RuleChainTest.java","L8130","2","0","0","8","80","96"
"L8146","RuleMemberValidatorTest.java","C:/Users/Deyan/Downloads/junit4-r4.13.1/src/test/java/org/junit/rules/RuleMemberValidatorTest.java","L8130","1","0","4","47","277","357"
"L8147","StopwatchTest.java","C:/Users/Deyan/Downloads/junit4-r4.13.1/src/test/java/org/junit/rules/StopwatchTest.java","L8130","2","0","1","17","173","213"
"L8148","TempFolderRuleTest.java","C:/Users/Deyan/Downloads/junit4-r4.13.1/src/test/java/org/junit/rules/TempFolderRuleTest.java","L8130","8","0","0","30","232","282"
"L8149","TemporaryFolderRuleAssuredDeletionTest.java","C:/Users/Deyan/Downloads/junit4-r4.13.1/src/test/java/org/junit/rules/TemporaryFolderRuleAssuredDeletionTest.java","L8130","1","0","0","5","35","46"
"L8150","TemporaryFolderUsageTest.java","C:/Users/Deyan/Downloads/junit4-r4.13.1/src/test/java/org/junit/rules/TemporaryFolderUsageTest.java","L8130","3","0","1","26","243","303"
"L8151","TestRuleTest.java","C:/Users/Deyan/Downloads/junit4-r4.13.1/src/test/java/org/junit/rules/TestRuleTest.java","L8130","1","0","0","92","491","615"
"L8152","TestWatcherTest.java","C:/Users/Deyan/Downloads/junit4-r4.13.1/src/test/java/org/junit/rules/TestWatcherTest.java","L8130","2","0","1","39","329","398"
"L8153","TestWatchmanTest.java","C:/Users/Deyan/Downloads/junit4-r4.13.1/src/test/java/org/junit/rules/TestWatchmanTest.java","L8130","1","0","0","9","73","90"
"L8154","TimeoutRuleTest.java","C:/Users/Deyan/Downloads/junit4-r4.13.1/src/test/java/org/junit/rules/TimeoutRuleTest.java","L8130","3","0","0","17","134","163"
"L8155","VerifierRuleTest.java","C:/Users/Deyan/Downloads/junit4-r4.13.1/src/test/java/org/junit/rules/VerifierRuleTest.java","L8130","1","0","0","4","29","37"
"L11164","AllRunnerTests.java","C:/Users/Deyan/Downloads/junit4-r4.13.1/src/test/java/org/junit/runner/AllRunnerTests.java","L11163","1","0","0","1","15","19"
"L11165","FilterFactoriesTest.java","C:/Users/Deyan/Downloads/junit4-r4.13.1/src/test/java/org/junit/runner/FilterFactoriesTest.java","L11163","1","0","0","16","107","138"
"L11166","FilterOptionIntegrationTest.java","C:/Users/Deyan/Downloads/junit4-r4.13.1/src/test/java/org/junit/runner/FilterOptionIntegrationTest.java","L11163","2","0","0","18","160","191"
"L11167","JUnitCommandLineParseResultTest.java","C:/Users/Deyan/Downloads/junit4-r4.13.1/src/test/java/org/junit/runner/JUnitCommandLineParseResultTest.java","L11163","1","0","0","16","110","147"
"L11168","JUnitCoreTest.java","C:/Users/Deyan/Downloads/junit4-r4.13.1/src/test/java/org/junit/runner/JUnitCoreTest.java","L11163","1","0","0","2","15","21"
"L11169","OrderWithValidatorTest.java","C:/Users/Deyan/Downloads/junit4-r4.13.1/src/test/java/org/junit/runner/OrderWithValidatorTest.java","L11163","1","0","0","7","40","51"
"L11170","RequestTest.java","C:/Users/Deyan/Downloads/junit4-r4.13.1/src/test/java/org/junit/runner/RequestTest.java","L11163","1","0","1","2","36","51"
"L11171","RunnerSpy.java","C:/Users/Deyan/Downloads/junit4-r4.13.1/src/test/java/org/junit/runner/RunnerSpy.java","L11163","1","0","0","7","28","37"
"L12574","AllRunnersTests.java","C:/Users/Deyan/Downloads/junit4-r4.13.1/src/test/java/org/junit/runners/AllRunnersTests.java","L12573","1","0","0","1","15","18"
"L12575","CustomBlockJUnit4ClassRunnerTest.java","C:/Users/Deyan/Downloads/junit4-r4.13.1/src/test/java/org/junit/runners/CustomBlockJUnit4ClassRunnerTest.java","L12573","2","0","1","4","56","91"
"L12576","RuleContainerTest.java","C:/Users/Deyan/Downloads/junit4-r4.13.1/src/test/java/org/junit/runners/RuleContainerTest.java","L12573","1","0","0","5","58","71"
"L14282","AllValidatorTests.java","C:/Users/Deyan/Downloads/junit4-r4.13.1/src/test/java/org/junit/validator/AllValidatorTests.java","L14281","1","0","0","1","12","15"
"L14283","AnnotationsValidatorTest.java","C:/Users/Deyan/Downloads/junit4-r4.13.1/src/test/java/org/junit/validator/AnnotationsValidatorTest.java","L14281","1","0","0","15","80","99"
"L14284","AnnotationValidatorFactoryTest.java","C:/Users/Deyan/Downloads/junit4-r4.13.1/src/test/java/org/junit/validator/AnnotationValidatorFactoryTest.java","L14281","1","0","0","8","38","48"
"L14285","PublicClassValidatorTest.java","C:/Users/Deyan/Downloads/junit4-r4.13.1/src/test/java/org/junit/validator/PublicClassValidatorTest.java","L14281","1","0","0","4","31","42"
"L14538","AllSamplesTests.java","C:/Users/Deyan/Downloads/junit4-r4.13.1/src/test/java/org/junit/samples/AllSamplesTests.java","L14537","1","0","0","1","12","15"
"L14539","ListTest.java","C:/Users/Deyan/Downloads/junit4-r4.13.1/src/test/java/org/junit/samples/ListTest.java","L14537","3","0","1","10","74","91"
"L14540","package-info.java","C:/Users/Deyan/Downloads/junit4-r4.13.1/src/test/java/org/junit/samples/package-info.java","L14537","1","0","0","0","1","6"
"L14541","SimpleTest.java","C:/Users/Deyan/Downloads/junit4-r4.13.1/src/test/java/org/junit/samples/SimpleTest.java","L14537","1","0","1","4","32","47"
"L14630","AllTests.java","C:/Users/Deyan/Downloads/junit4-r4.13.1/src/test/java/org/junit/tests/AllTests.java","L14629","1","0","0","2","47","50"
"L14631","ObjectContractTest.java","C:/Users/Deyan/Downloads/junit4-r4.13.1/src/test/java/org/junit/tests/ObjectContractTest.java","L14629","3","0","0","3","39","47"
"L14632","package-info.java","C:/Users/Deyan/Downloads/junit4-r4.13.1/src/test/java/org/junit/tests/package-info.java","L14629","1","0","0","0","1","8"
"L14633","SampleJUnit4Tests.java","C:/Users/Deyan/Downloads/junit4-r4.13.1/src/test/java/org/junit/tests/SampleJUnit4Tests.java","L14629","2","0","1","4","34","49"
"L14634","TestSystem.java","C:/Users/Deyan/Downloads/junit4-r4.13.1/src/test/java/org/junit/tests/TestSystem.java","L14629","1","0","1","4","24","36"
"L3583","AllCategoriesTests.java","C:/Users/Deyan/Downloads/junit4-r4.13.1/src/test/java/org/junit/experimental/categories/AllCategoriesTests.java","L3582","1","0","0","1","15","18"
"L3584","CategoriesAndParameterizedTest.java","C:/Users/Deyan/Downloads/junit4-r4.13.1/src/test/java/org/junit/experimental/categories/CategoriesAndParameterizedTest.java","L3582","1","0","0","20","107","129"
"L3585","CategoryFilterFactoryTest.java","C:/Users/Deyan/Downloads/junit4-r4.13.1/src/test/java/org/junit/experimental/categories/CategoryFilterFactoryTest.java","L3582","1","0","0","3","52","67"
"L3586","CategoryTest.java","C:/Users/Deyan/Downloads/junit4-r4.13.1/src/test/java/org/junit/experimental/categories/CategoryTest.java","L3582","1","0","0","103","472","576"
"L3587","CategoryValidatorTest.java","C:/Users/Deyan/Downloads/junit4-r4.13.1/src/test/java/org/junit/experimental/categories/CategoryValidatorTest.java","L3582","1","0","0","13","70","89"
"L3588","JavadocTest.java","C:/Users/Deyan/Downloads/junit4-r4.13.1/src/test/java/org/junit/experimental/categories/JavadocTest.java","L3582","1","0","1","13","60","79"
"L3589","MultiCategoryTest.java","C:/Users/Deyan/Downloads/junit4-r4.13.1/src/test/java/org/junit/experimental/categories/MultiCategoryTest.java","L3582","1","0","2","54","137","172"
"L5719","AnnotatedBuilderTest.java","C:/Users/Deyan/Downloads/junit4-r4.13.1/src/test/java/org/junit/internal/builders/AnnotatedBuilderTest.java","L5718","1","0","0","19","86","105"
"L6131","StacktracePrintingMatcherTest.java","C:/Users/Deyan/Downloads/junit4-r4.13.1/src/test/java/org/junit/internal/matchers/StacktracePrintingMatcherTest.java","L6130","2","0","0","4","31","39"
"L6132","ThrowableCauseMatcherTest.java","C:/Users/Deyan/Downloads/junit4-r4.13.1/src/test/java/org/junit/internal/matchers/ThrowableCauseMatcherTest.java","L6130","1","0","0","2","13","18"
"L6433","ErrorReportingRunnerTest.java","C:/Users/Deyan/Downloads/junit4-r4.13.1/src/test/java/org/junit/internal/runners/ErrorReportingRunnerTest.java","L6432","1","0","0","7","73","89"
"L11660","AllNotificationTests.java","C:/Users/Deyan/Downloads/junit4-r4.13.1/src/test/java/org/junit/runner/notification/AllNotificationTests.java","L11659","1","0","0","1","12","15"
"L11661","ConcurrentRunNotifierTest.java","C:/Users/Deyan/Downloads/junit4-r4.13.1/src/test/java/org/junit/runner/notification/ConcurrentRunNotifierTest.java","L11659","10","0","3","1","134","181"
"L11662","RunNotifierTest.java","C:/Users/Deyan/Downloads/junit4-r4.13.1/src/test/java/org/junit/runner/notification/RunNotifierTest.java","L11659","1","0","0","9","111","132"
"L11663","SynchronizedRunListenerTest.java","C:/Users/Deyan/Downloads/junit4-r4.13.1/src/test/java/org/junit/runner/notification/SynchronizedRunListenerTest.java","L11659","7","0","1","5","123","157"
"L12859","AllModelTests.java","C:/Users/Deyan/Downloads/junit4-r4.13.1/src/test/java/org/junit/runners/model/AllModelTests.java","L12858","1","0","0","1","13","16"
"L12860","FrameworkFieldTest.java","C:/Users/Deyan/Downloads/junit4-r4.13.1/src/test/java/org/junit/runners/model/FrameworkFieldTest.java","L12858","1","0","0","5","48","59"
"L12861","FrameworkMethodTest.java","C:/Users/Deyan/Downloads/junit4-r4.13.1/src/test/java/org/junit/runners/model/FrameworkMethodTest.java","L12858","1","0","0","5","50","61"
"L12862","InvalidTestClassErrorTest.java","C:/Users/Deyan/Downloads/junit4-r4.13.1/src/test/java/org/junit/runners/model/InvalidTestClassErrorTest.java","L12858","1","0","0","2","17","23"
"L12863","RunnerBuilderStub.java","C:/Users/Deyan/Downloads/junit4-r4.13.1/src/test/java/org/junit/runners/model/RunnerBuilderStub.java","L12858","1","0","0","2","9","11"
"L12864","TestClassTest.java","C:/Users/Deyan/Downloads/junit4-r4.13.1/src/test/java/org/junit/runners/model/TestClassTest.java","L12858","2","0","0","38","215","264"
"L13654","AllParameterizedTests.java","C:/Users/Deyan/Downloads/junit4-r4.13.1/src/test/java/org/junit/runners/parameterized/AllParameterizedTests.java","L13653","1","0","0","1","12","15"
"L13655","BlockJUnit4ClassRunnerWithParametersTest.java","C:/Users/Deyan/Downloads/junit4-r4.13.1/src/test/java/org/junit/runners/parameterized/BlockJUnit4ClassRunnerWithParametersTest.java","L13653","1","0","0","7","67","80"
"L13656","ParameterizedNamesTest.java","C:/Users/Deyan/Downloads/junit4-r4.13.1/src/test/java/org/junit/runners/parameterized/ParameterizedNamesTest.java","L13653","3","0","1","5","39","52"
"L13657","TestWithParametersTest.java","C:/Users/Deyan/Downloads/junit4-r4.13.1/src/test/java/org/junit/runners/parameterized/TestWithParametersTest.java","L13653","1","0","0","13","116","138"
"L14573","MoneyTest.java","C:/Users/Deyan/Downloads/junit4-r4.13.1/src/test/java/org/junit/samples/money/MoneyTest.java","L14572","1","0","0","26","160","205"
"L14574","package-info.java","C:/Users/Deyan/Downloads/junit4-r4.13.1/src/test/java/org/junit/samples/money/package-info.java","L14572","1","0","0","0","1","7"
"L14686","AllAssertionTests.java","C:/Users/Deyan/Downloads/junit4-r4.13.1/src/test/java/org/junit/tests/assertion/AllAssertionTests.java","L14685","1","0","0","1","12","15"
"L14687","AssertionTest.java","C:/Users/Deyan/Downloads/junit4-r4.13.1/src/test/java/org/junit/tests/assertion/AssertionTest.java","L14685","37","0","1","98","864","1006"
"L14688","ComparisonFailureTest.java","C:/Users/Deyan/Downloads/junit4-r4.13.1/src/test/java/org/junit/tests/assertion/ComparisonFailureTest.java","L14685","1","0","0","4","45","79"
"L14689","MultipleFailureExceptionTest.java","C:/Users/Deyan/Downloads/junit4-r4.13.1/src/test/java/org/junit/tests/assertion/MultipleFailureExceptionTest.java","L14685","6","0","1","6","98","119"
"L14903","AllDeprecatedTests.java","C:/Users/Deyan/Downloads/junit4-r4.13.1/src/test/java/org/junit/tests/deprecated/AllDeprecatedTests.java","L14902","1","0","0","1","11","14"
"L14904","JUnit4ClassRunnerTest.java","C:/Users/Deyan/Downloads/junit4-r4.13.1/src/test/java/org/junit/tests/deprecated/JUnit4ClassRunnerTest.java","L14902","1","0","1","9","49","65"
"L14929","AllDescriptionTests.java","C:/Users/Deyan/Downloads/junit4-r4.13.1/src/test/java/org/junit/tests/description/AllDescriptionTests.java","L14928","1","0","0","1","13","16"
"L14930","AnnotatedDescriptionTest.java","C:/Users/Deyan/Downloads/junit4-r4.13.1/src/test/java/org/junit/tests/description/AnnotatedDescriptionTest.java","L14928","1","0","0","15","78","97"
"L14931","SuiteDescriptionTest.java","C:/Users/Deyan/Downloads/junit4-r4.13.1/src/test/java/org/junit/tests/description/SuiteDescriptionTest.java","L14928","1","0","0","3","31","39"
"L14932","TestDescriptionMethodNameTest.java","C:/Users/Deyan/Downloads/junit4-r4.13.1/src/test/java/org/junit/tests/description/TestDescriptionMethodNameTest.java","L14928","1","0","1","3","38","51"
"L14933","TestDescriptionTest.java","C:/Users/Deyan/Downloads/junit4-r4.13.1/src/test/java/org/junit/tests/description/TestDescriptionTest.java","L14928","1","0","0","4","19","24"
"L15018","AllExperimentalTests.java","C:/Users/Deyan/Downloads/junit4-r4.13.1/src/test/java/org/junit/tests/experimental/AllExperimentalTests.java","L15017","1","0","0","1","23","26"
"L15019","AssumptionTest.java","C:/Users/Deyan/Downloads/junit4-r4.13.1/src/test/java/org/junit/tests/experimental/AssumptionTest.java","L15017","9","0","2","40","256","313"
"L15020","MatcherTest.java","C:/Users/Deyan/Downloads/junit4-r4.13.1/src/test/java/org/junit/tests/experimental/MatcherTest.java","L15017","1","0","0","2","36","45"
"L16649","AllJUnit3CompatibilityTests.java","C:/Users/Deyan/Downloads/junit4-r4.13.1/src/test/java/org/junit/tests/junit3compatibility/AllJUnit3CompatibilityTests.java","L16648","1","0","0","1","19","22"
"L16650","AllTestsTest.java","C:/Users/Deyan/Downloads/junit4-r4.13.1/src/test/java/org/junit/tests/junit3compatibility/AllTestsTest.java","L16648","1","0","0","16","73","88"
"L16651","ClassRequestTest.java","C:/Users/Deyan/Downloads/junit4-r4.13.1/src/test/java/org/junit/tests/junit3compatibility/ClassRequestTest.java","L16648","1","0","0","3","16","21"
"L16652","ForwardCompatibilityPrintingTest.java","C:/Users/Deyan/Downloads/junit4-r4.13.1/src/test/java/org/junit/tests/junit3compatibility/ForwardCompatibilityPrintingTest.java","L16648","2","0","0","5","78","92"
"L16653","ForwardCompatibilityTest.java","C:/Users/Deyan/Downloads/junit4-r4.13.1/src/test/java/org/junit/tests/junit3compatibility/ForwardCompatibilityTest.java","L16648","1","0","0","44","210","255"
"L16654","InitializationErrorForwardCompatibilityTest.java","C:/Users/Deyan/Downloads/junit4-r4.13.1/src/test/java/org/junit/tests/junit3compatibility/InitializationErrorForwardCompatibilityTest.java","L16648","1","0","0","12","83","103"
"L16655","JUnit38ClassRunnerTest.java","C:/Users/Deyan/Downloads/junit4-r4.13.1/src/test/java/org/junit/tests/junit3compatibility/JUnit38ClassRunnerTest.java","L16648","3","0","1","22","129","156"
"L16656","JUnit4TestAdapterTest.java","C:/Users/Deyan/Downloads/junit4-r4.13.1/src/test/java/org/junit/tests/junit3compatibility/JUnit4TestAdapterTest.java","L16648","1","0","0","13","63","83"
"L16657","OldTestClassAdaptingListenerTest.java","C:/Users/Deyan/Downloads/junit4-r4.13.1/src/test/java/org/junit/tests/junit3compatibility/OldTestClassAdaptingListenerTest.java","L16648","1","0","0","2","25","29"
"L16658","OldTests.java","C:/Users/Deyan/Downloads/junit4-r4.13.1/src/test/java/org/junit/tests/junit3compatibility/OldTests.java","L16648","1","0","0","2","10","13"
"L16659","SuiteMethodTest.java","C:/Users/Deyan/Downloads/junit4-r4.13.1/src/test/java/org/junit/tests/junit3compatibility/SuiteMethodTest.java","L16648","1","0","1","22","110","135"
"L17063","AllListeningTests.java","C:/Users/Deyan/Downloads/junit4-r4.13.1/src/test/java/org/junit/tests/listening/AllListeningTests.java","L17062","1","0","0","1","14","17"
"L17064","ListenerTest.java","C:/Users/Deyan/Downloads/junit4-r4.13.1/src/test/java/org/junit/tests/listening/ListenerTest.java","L17062","1","0","0","4","33","39"
"L17065","RunnerTest.java","C:/Users/Deyan/Downloads/junit4-r4.13.1/src/test/java/org/junit/tests/listening/RunnerTest.java","L17062","1","0","0","12","62","76"
"L17066","TestListenerTest.java","C:/Users/Deyan/Downloads/junit4-r4.13.1/src/test/java/org/junit/tests/listening/TestListenerTest.java","L17062","1","0","0","6","54","66"
"L17067","TextListenerTest.java","C:/Users/Deyan/Downloads/junit4-r4.13.1/src/test/java/org/junit/tests/listening/TextListenerTest.java","L17062","1","0","0","11","60","74"
"L17068","UserStopTest.java","C:/Users/Deyan/Downloads/junit4-r4.13.1/src/test/java/org/junit/tests/listening/UserStopTest.java","L17062","1","0","0","6","27","34"
"L17209","AllManipulationTests.java","C:/Users/Deyan/Downloads/junit4-r4.13.1/src/test/java/org/junit/tests/manipulation/AllManipulationTests.java","L17208","1","0","0","1","15","18"
"L17210","AlphanumericOrdering.java","C:/Users/Deyan/Downloads/junit4-r4.13.1/src/test/java/org/junit/tests/manipulation/AlphanumericOrdering.java","L17208","1","0","1","1","9","16"
"L17211","ComparatorBasedOrdering.java","C:/Users/Deyan/Downloads/junit4-r4.13.1/src/test/java/org/junit/tests/manipulation/ComparatorBasedOrdering.java","L17208","1","0","0","0","20","29"
"L17212","Comparators.java","C:/Users/Deyan/Downloads/junit4-r4.13.1/src/test/java/org/junit/tests/manipulation/Comparators.java","L17208","1","0","0","0","11","20"
"L17213","FilterableTest.java","C:/Users/Deyan/Downloads/junit4-r4.13.1/src/test/java/org/junit/tests/manipulation/FilterableTest.java","L17208","1","0","0","9","51","63"
"L17214","FilterTest.java","C:/Users/Deyan/Downloads/junit4-r4.13.1/src/test/java/org/junit/tests/manipulation/FilterTest.java","L17208","1","0","0","8","41","51"
"L17215","OrderableTest.java","C:/Users/Deyan/Downloads/junit4-r4.13.1/src/test/java/org/junit/tests/manipulation/OrderableTest.java","L17208","1","0","1","55","242","302"
"L17216","OrderWithTest.java","C:/Users/Deyan/Downloads/junit4-r4.13.1/src/test/java/org/junit/tests/manipulation/OrderWithTest.java","L17208","1","0","0","54","214","269"
"L17217","ReverseAlphanumericOrdering.java","C:/Users/Deyan/Downloads/junit4-r4.13.1/src/test/java/org/junit/tests/manipulation/ReverseAlphanumericOrdering.java","L17208","1","0","1","2","12","21"
"L17218","ReverseAlphanumericSorter.java","C:/Users/Deyan/Downloads/junit4-r4.13.1/src/test/java/org/junit/tests/manipulation/ReverseAlphanumericSorter.java","L17208","1","0","1","1","9","17"
"L17219","SingleMethodTest.java","C:/Users/Deyan/Downloads/junit4-r4.13.1/src/test/java/org/junit/tests/manipulation/SingleMethodTest.java","L17208","1","0","0","33","156","190"
"L17220","SortableTest.java","C:/Users/Deyan/Downloads/junit4-r4.13.1/src/test/java/org/junit/tests/manipulation/SortableTest.java","L17208","1","0","1","55","240","303"
"L17717","AllRunningTests.java","C:/Users/Deyan/Downloads/junit4-r4.13.1/src/test/java/org/junit/tests/running/AllRunningTests.java","L17716","1","0","0","1","15","18"
"L19456","AllValidationTests.java","C:/Users/Deyan/Downloads/junit4-r4.13.1/src/test/java/org/junit/tests/validation/AllValidationTests.java","L19455","1","0","0","1","12","15"
"L19457","BadlyFormedClassesTest.java","C:/Users/Deyan/Downloads/junit4-r4.13.1/src/test/java/org/junit/tests/validation/BadlyFormedClassesTest.java","L19455","1","0","0","10","54","72"
"L19458","FailedConstructionTest.java","C:/Users/Deyan/Downloads/junit4-r4.13.1/src/test/java/org/junit/tests/validation/FailedConstructionTest.java","L19455","1","0","0","5","24","29"
"L19459","ValidationTest.java","C:/Users/Deyan/Downloads/junit4-r4.13.1/src/test/java/org/junit/tests/validation/ValidationTest.java","L19455","1","0","0","7","35","43"
"L7102","ExpectExceptionTest.java","C:/Users/Deyan/Downloads/junit4-r4.13.1/src/test/java/org/junit/internal/runners/statements/ExpectExceptionTest.java","L7101","5","0","1","4","67","88"
"L7103","FailOnTimeoutTest.java","C:/Users/Deyan/Downloads/junit4-r4.13.1/src/test/java/org/junit/internal/runners/statements/FailOnTimeoutTest.java","L7101","14","0","1","9","192","230"
"L15153","AllMaxTests.java","C:/Users/Deyan/Downloads/junit4-r4.13.1/src/test/java/org/junit/tests/experimental/max/AllMaxTests.java","L15152","1","0","0","1","12","15"
"L15154","DescriptionTest.java","C:/Users/Deyan/Downloads/junit4-r4.13.1/src/test/java/org/junit/tests/experimental/max/DescriptionTest.java","L15152","1","0","0","10","99","124"
"L15155","JUnit38SortingTest.java","C:/Users/Deyan/Downloads/junit4-r4.13.1/src/test/java/org/junit/tests/experimental/max/JUnit38SortingTest.java","L15152","2","0","0","10","50","63"
"L15156","MaxStarterTest.java","C:/Users/Deyan/Downloads/junit4-r4.13.1/src/test/java/org/junit/tests/experimental/max/MaxStarterTest.java","L15152","2","0","1","30","247","293"
"L15312","AllParallelTests.java","C:/Users/Deyan/Downloads/junit4-r4.13.1/src/test/java/org/junit/tests/experimental/parallel/AllParallelTests.java","L15311","1","0","0","1","11","14"
"L15313","ParallelClassTest.java","C:/Users/Deyan/Downloads/junit4-r4.13.1/src/test/java/org/junit/tests/experimental/parallel/ParallelClassTest.java","L15311","1","0","0","9","69","80"
"L15314","ParallelMethodTest.java","C:/Users/Deyan/Downloads/junit4-r4.13.1/src/test/java/org/junit/tests/experimental/parallel/ParallelMethodTest.java","L15311","1","0","0","7","51","62"
"L15372","AllResultsTests.java","C:/Users/Deyan/Downloads/junit4-r4.13.1/src/test/java/org/junit/tests/experimental/results/AllResultsTests.java","L15371","1","0","0","1","11","14"
"L15373","PrintableResultTest.java","C:/Users/Deyan/Downloads/junit4-r4.13.1/src/test/java/org/junit/tests/experimental/results/PrintableResultTest.java","L15371","1","0","0","3","42","51"
"L15374","ResultMatchersTest.java","C:/Users/Deyan/Downloads/junit4-r4.13.1/src/test/java/org/junit/tests/experimental/results/ResultMatchersTest.java","L15371","1","0","0","5","36","47"
"L15405","AllTheoriesTests.java","C:/Users/Deyan/Downloads/junit4-r4.13.1/src/test/java/org/junit/tests/experimental/theories/AllTheoriesTests.java","L15404","1","0","0","1","17","20"
"L15406","AssumingInTheoriesTest.java","C:/Users/Deyan/Downloads/junit4-r4.13.1/src/test/java/org/junit/tests/experimental/theories/AssumingInTheoriesTest.java","L15404","1","0","1","4","31","43"
"L15407","ParameterSignatureTest.java","C:/Users/Deyan/Downloads/junit4-r4.13.1/src/test/java/org/junit/tests/experimental/theories/ParameterSignatureTest.java","L15404","1","0","0","11","74","93"
"L15408","PotentialAssignmentTest.java","C:/Users/Deyan/Downloads/junit4-r4.13.1/src/test/java/org/junit/tests/experimental/theories/PotentialAssignmentTest.java","L15404","1","0","0","5","44","58"
"L15409","TestedOnSupplierTest.java","C:/Users/Deyan/Downloads/junit4-r4.13.1/src/test/java/org/junit/tests/experimental/theories/TestedOnSupplierTest.java","L15404","1","0","0","3","24","33"
"L15410","TheoryTestUtils.java","C:/Users/Deyan/Downloads/junit4-r4.13.1/src/test/java/org/junit/tests/experimental/theories/TheoryTestUtils.java","L15404","1","0","0","3","26","34"
"L17730","AllClassesTests.java","C:/Users/Deyan/Downloads/junit4-r4.13.1/src/test/java/org/junit/tests/running/classes/AllClassesTests.java","L17729","1","0","0","1","22","25"
"L17731","BlockJUnit4ClassRunnerTest.java","C:/Users/Deyan/Downloads/junit4-r4.13.1/src/test/java/org/junit/tests/running/classes/BlockJUnit4ClassRunnerTest.java","L17729","2","0","0","9","58","69"
"L17732","ClassLevelMethodsWithIgnoredTestsTest.java","C:/Users/Deyan/Downloads/junit4-r4.13.1/src/test/java/org/junit/tests/running/classes/ClassLevelMethodsWithIgnoredTestsTest.java","L17729","3","0","1","24","133","166"
"L17733","EnclosedTest.java","C:/Users/Deyan/Downloads/junit4-r4.13.1/src/test/java/org/junit/tests/running/classes/EnclosedTest.java","L17729","1","0","0","14","46","56"
"L17734","IgnoreClassTest.java","C:/Users/Deyan/Downloads/junit4-r4.13.1/src/test/java/org/junit/tests/running/classes/IgnoreClassTest.java","L17729","1","0","0","5","26","32"
"L17735","ParameterizedTestTest.java","C:/Users/Deyan/Downloads/junit4-r4.13.1/src/test/java/org/junit/tests/running/classes/ParameterizedTestTest.java","L17729","3","0","0","136","663","810"
"L17736","ParentRunnerFilteringTest.java","C:/Users/Deyan/Downloads/junit4-r4.13.1/src/test/java/org/junit/tests/running/classes/ParentRunnerFilteringTest.java","L17729","6","0","0","12","146","171"
"L17737","ParentRunnerTest.java","C:/Users/Deyan/Downloads/junit4-r4.13.1/src/test/java/org/junit/tests/running/classes/ParentRunnerTest.java","L17729","3","0","0","27","261","311"
"L17738","RunWithTest.java","C:/Users/Deyan/Downloads/junit4-r4.13.1/src/test/java/org/junit/tests/running/classes/RunWithTest.java","L17729","1","0","0","15","69","89"
"L17739","SuiteTest.java","C:/Users/Deyan/Downloads/junit4-r4.13.1/src/test/java/org/junit/tests/running/classes/SuiteTest.java","L17729","1","0","1","32","178","219"
"L17740","ThreadsTest.java","C:/Users/Deyan/Downloads/junit4-r4.13.1/src/test/java/org/junit/tests/running/classes/ThreadsTest.java","L17729","1","0","0","9","64","84"
"L17741","UseSuiteAsASuperclassTest.java","C:/Users/Deyan/Downloads/junit4-r4.13.1/src/test/java/org/junit/tests/running/classes/UseSuiteAsASuperclassTest.java","L17729","1","0","0","9","37","46"
"L18633","AllCoreTests.java","C:/Users/Deyan/Downloads/junit4-r4.13.1/src/test/java/org/junit/tests/running/core/AllCoreTests.java","L18632","1","0","0","1","12","15"
"L18634","CommandLineTest.java","C:/Users/Deyan/Downloads/junit4-r4.13.1/src/test/java/org/junit/tests/running/core/CommandLineTest.java","L18632","1","0","0","11","65","79"
"L18635","JUnitCoreReturnsCorrectExitCodeTest.java","C:/Users/Deyan/Downloads/junit4-r4.13.1/src/test/java/org/junit/tests/running/core/JUnitCoreReturnsCorrectExitCodeTest.java","L18632","1","0","0","8","38","48"
"L18636","MainRunner.java","C:/Users/Deyan/Downloads/junit4-r4.13.1/src/test/java/org/junit/tests/running/core/MainRunner.java","L18632","3","0","2","3","46","68"
"L18637","SystemExitTest.java","C:/Users/Deyan/Downloads/junit4-r4.13.1/src/test/java/org/junit/tests/running/core/SystemExitTest.java","L18632","2","0","1","3","23","32"
"L18761","AllMethodsTests.java","C:/Users/Deyan/Downloads/junit4-r4.13.1/src/test/java/org/junit/tests/running/methods/AllMethodsTests.java","L18760","1","0","0","1","15","18"
"L18762","AnnotationTest.java","C:/Users/Deyan/Downloads/junit4-r4.13.1/src/test/java/org/junit/tests/running/methods/AnnotationTest.java","L18760","1","0","0","143","704","843"
"L18763","ExpectedTest.java","C:/Users/Deyan/Downloads/junit4-r4.13.1/src/test/java/org/junit/tests/running/methods/ExpectedTest.java","L18760","1","0","0","16","70","84"
"L18764","InheritedTestTest.java","C:/Users/Deyan/Downloads/junit4-r4.13.1/src/test/java/org/junit/tests/running/methods/InheritedTestTest.java","L18760","1","0","0","8","32","40"
"L18765","ParameterizedTestMethodTest.java","C:/Users/Deyan/Downloads/junit4-r4.13.1/src/test/java/org/junit/tests/running/methods/ParameterizedTestMethodTest.java","L18760","2","0","0","31","149","189"
"L18766","TestMethodTest.java","C:/Users/Deyan/Downloads/junit4-r4.13.1/src/test/java/org/junit/tests/running/methods/TestMethodTest.java","L18760","2","0","0","47","205","256"
"L18767","TimeoutTest.java","C:/Users/Deyan/Downloads/junit4-r4.13.1/src/test/java/org/junit/tests/running/methods/TimeoutTest.java","L18760","13","0","0","39","284","335"
"L19472","Sub.java","C:/Users/Deyan/Downloads/junit4-r4.13.1/src/test/java/org/junit/tests/validation/anotherpackage/Sub.java","L19471","1","0","0","1","3","6"
"L19473","Super.java","C:/Users/Deyan/Downloads/junit4-r4.13.1/src/test/java/org/junit/tests/validation/anotherpackage/Super.java","L19471","1","0","0","0","7","10"
"L15445","Correspondent.java","C:/Users/Deyan/Downloads/junit4-r4.13.1/src/test/java/org/junit/tests/experimental/theories/extendingwithstubs/Correspondent.java","L15444","1","0","0","2","4","8"
"L15446","Guesser.java","C:/Users/Deyan/Downloads/junit4-r4.13.1/src/test/java/org/junit/tests/experimental/theories/extendingwithstubs/Guesser.java","L15444","8","0","0","8","103","126"
"L15447","GuesserQueue.java","C:/Users/Deyan/Downloads/junit4-r4.13.1/src/test/java/org/junit/tests/experimental/theories/extendingwithstubs/GuesserQueue.java","L15444","3","0","0","3","47","59"
"L15448","MethodCall.java","C:/Users/Deyan/Downloads/junit4-r4.13.1/src/test/java/org/junit/tests/experimental/theories/extendingwithstubs/MethodCall.java","L15444","4","0","0","7","45","56"
"L15449","ReguessableValue.java","C:/Users/Deyan/Downloads/junit4-r4.13.1/src/test/java/org/junit/tests/experimental/theories/extendingwithstubs/ReguessableValue.java","L15444","1","0","0","3","11","16"
"L15450","StringableObject.java","C:/Users/Deyan/Downloads/junit4-r4.13.1/src/test/java/org/junit/tests/experimental/theories/extendingwithstubs/StringableObject.java","L15444","3","0","0","4","23","29"
"L15451","Stub.java","C:/Users/Deyan/Downloads/junit4-r4.13.1/src/test/java/org/junit/tests/experimental/theories/extendingwithstubs/Stub.java","L15444","1","0","0","1","6","9"
"L15452","StubbedTheories.java","C:/Users/Deyan/Downloads/junit4-r4.13.1/src/test/java/org/junit/tests/experimental/theories/extendingwithstubs/StubbedTheories.java","L15444","4","0","0","5","52","66"
"L15453","StubbedTheoriesTest.java","C:/Users/Deyan/Downloads/junit4-r4.13.1/src/test/java/org/junit/tests/experimental/theories/extendingwithstubs/StubbedTheoriesTest.java","L15444","1","0","0","2","13","17"
"L15672","AllMembersSupplierTest.java","C:/Users/Deyan/Downloads/junit4-r4.13.1/src/test/java/org/junit/tests/experimental/theories/internal/AllMembersSupplierTest.java","L15671","2","0","0","35","167","209"
"L15673","AllTheoriesInternalTests.java","C:/Users/Deyan/Downloads/junit4-r4.13.1/src/test/java/org/junit/tests/experimental/theories/internal/AllTheoriesInternalTests.java","L15671","1","0","0","1","12","15"
"L15674","ParameterizedAssertionErrorTest.java","C:/Users/Deyan/Downloads/junit4-r4.13.1/src/test/java/org/junit/tests/experimental/theories/internal/ParameterizedAssertionErrorTest.java","L15671","1","0","0","8","79","96"
"L15675","SpecificDataPointsSupplierTest.java","C:/Users/Deyan/Downloads/junit4-r4.13.1/src/test/java/org/junit/tests/experimental/theories/internal/SpecificDataPointsSupplierTest.java","L15671","2","0","0","19","115","157"
"L15887","AllTheoriesRunnerTests.java","C:/Users/Deyan/Downloads/junit4-r4.13.1/src/test/java/org/junit/tests/experimental/theories/runner/AllTheoriesRunnerTests.java","L15886","1","0","0","1","22","25"
"L15888","FailingDataPointMethods.java","C:/Users/Deyan/Downloads/junit4-r4.13.1/src/test/java/org/junit/tests/experimental/theories/runner/FailingDataPointMethods.java","L15886","1","0","0","25","109","137"
"L15889","SuccessfulWithDataPointFields.java","C:/Users/Deyan/Downloads/junit4-r4.13.1/src/test/java/org/junit/tests/experimental/theories/runner/SuccessfulWithDataPointFields.java","L15886","1","0","0","31","165","211"
"L15890","TheoriesPerformanceTest.java","C:/Users/Deyan/Downloads/junit4-r4.13.1/src/test/java/org/junit/tests/experimental/theories/runner/TheoriesPerformanceTest.java","L15886","1","0","1","3","26","39"
"L15891","TypeMatchingBetweenMultiDataPointsMethod.java","C:/Users/Deyan/Downloads/junit4-r4.13.1/src/test/java/org/junit/tests/experimental/theories/runner/TypeMatchingBetweenMultiDataPointsMethod.java","L15886","1","0","0","9","46","58"
"L15892","UnsuccessfulWithDataPointFields.java","C:/Users/Deyan/Downloads/junit4-r4.13.1/src/test/java/org/junit/tests/experimental/theories/runner/UnsuccessfulWithDataPointFields.java","L15886","1","0","0","28","196","244"
"L15893","WhenNoParametersMatch.java","C:/Users/Deyan/Downloads/junit4-r4.13.1/src/test/java/org/junit/tests/experimental/theories/runner/WhenNoParametersMatch.java","L15886","1","0","0","4","41","51"
"L15894","WithAutoGeneratedDataPoints.java","C:/Users/Deyan/Downloads/junit4-r4.13.1/src/test/java/org/junit/tests/experimental/theories/runner/WithAutoGeneratedDataPoints.java","L15886","1","0","0","12","51","72"
"L15895","WithDataPointMethod.java","C:/Users/Deyan/Downloads/junit4-r4.13.1/src/test/java/org/junit/tests/experimental/theories/runner/WithDataPointMethod.java","L15886","1","0","0","17","94","115"
"L15896","WithExtendedParameterSources.java","C:/Users/Deyan/Downloads/junit4-r4.13.1/src/test/java/org/junit/tests/experimental/theories/runner/WithExtendedParameterSources.java","L15886","1","0","0","29","147","180"
"L15897","WithNamedDataPoints.java","C:/Users/Deyan/Downloads/junit4-r4.13.1/src/test/java/org/junit/tests/experimental/theories/runner/WithNamedDataPoints.java","L15886","2","0","0","8","55","74"
"L15898","WithOnlyTestAnnotations.java","C:/Users/Deyan/Downloads/junit4-r4.13.1/src/test/java/org/junit/tests/experimental/theories/runner/WithOnlyTestAnnotations.java","L15886","3","0","0","13","69","82"
"L15899","WithParameterSupplier.java","C:/Users/Deyan/Downloads/junit4-r4.13.1/src/test/java/org/junit/tests/experimental/theories/runner/WithParameterSupplier.java","L15886","2","0","0","24","120","166"
"L15900","WithUnresolvedGenericTypeVariablesOnTheoryParms.java","C:/Users/Deyan/Downloads/junit4-r4.13.1/src/test/java/org/junit/tests/experimental/theories/runner/WithUnresolvedGenericTypeVariablesOnTheoryParms.java","L15886","1","0","0","30","151","180"
"L18218","ParentRunnerClassLoaderTest.java","C:/Users/Deyan/Downloads/junit4-r4.13.1/src/test/java/org/junit/tests/running/classes/parent/ParentRunnerClassLoaderTest.java","L18217","1","0","0","4","75","97"
"L18219","TestWithClassRule.java","C:/Users/Deyan/Downloads/junit4-r4.13.1/src/test/java/org/junit/tests/running/classes/parent/TestWithClassRule.java","L18217","2","0","1","3","32","43"
